See,median Cond,median pH,Alk/Gran,HCO3,NO3-N,SO4,Cl,NH4-N,Na,K,Mg,Ca,Ptot,Pdis,Ppart,DOC,DN,TIN,DRSi,N,C,C/N,RECHTSWERT,HOCHWERT,Seehoehe,Einzugsgebiet_gesamt,Wald_gesamt,Gebüsch/Latschen_gesamt,Matten_gesamt,Schutt_gesamt,Wasserflächen_gesamt,%_Wald_gesamt,%_Gebüsch_gesamt,% Matten_gesamt,%_Schutt_gesamt,%_Wasser_gesamt,Flach_gesamt,Nord_gesamt,Nordnordost_gesamt,Nordost_gesamt,Ostnordost_gesamt,Ost_gesamt,Ostsüdost_gesamt,Südost_gesamt,Südsüdost_gesamt,Süd_gesamt,Südsüdewest_gesamt,Südwest_gesamt,Westsüdwest_gesamt,West_gesamt,Westnorwest_gesamt,Nordwest_gesamt,Nordnordwest_gesamt,%Flach_gesamt,%Nord_gesamt,%Nordnordost_gesamt,%Nordost_gesamt,%Ostnordost_gesamt,%Ost_gesamt,%Ostsüdost_gesamt,%Südost_gesamt,%Südsüdost_gesamt,%Süd_gesamt,%Südsüdewest_gesamt,%Südwest_gesamt,%Westsüdwest_gesamt,%West_gesamt,%Westnorwest_gesamt,%Nordwest_gesamt,%Nordnordwest_gesamt,0-20-GRAD_gesamt,20-40_Grad_gesamt,40-60_GRAD_gesamt,60-80_GRAD_gesamt,%0-20-GRAD_gesamt,%20-40_Grad_gesamt,%40-60_GRAD_gesamt,%60-80_GRAD_gesamt,Seenfläche,max Breite,max Länge,Richtung max Länge,durchschmittliche Breite,Seeumfang,Uferentwicklung,Volumen,maxTiefe,relative Tiefe,mittlere Tiefe,Herbst Mixing,freezing,break up,Spring Mixing,Eisdauer,Aug-99,Jul-99,Jun-99,May-99,Nov-98,Oct-98,Sep-98
Ahornsee,17.6,7.1,94,94.1023293,124,2.142,0.1,1,0.303,0.377,0.214,2.712,2.2,0.8,1.4,590,201,125,711,14.31,14.057,9.823200559,499300,241350,2069.27,1197376.807,0,0,843125,354375,67130.247,0,0,70.2970297,29.54663887,5.597102408,0,30000,78750,131875,168125,132500,125625,80625,118750,131875,138125,45625,6875,3750,1250,1250,1875,0,2.505476958,6.576877015,11.01365913,14.04111045,11.06585656,10.49168476,6.733469325,9.917512959,11.01365913,11.53563349,3.810412874,0.574171803,0.31318462,0.104394873,0.104394873,0.15659231,359375,776875,60625,0,30.01352606,64.88141373,5.063151353,0,26367.955,113.405,362.551,107.07,72.728954,870.89,1.512934573,111281,6.900000095,3.76578753,4.220312117,286,303,495,524,192,11.116129,9.365860165,4.655555555,0.808333336,0,4.32473117,7.328611094
Angersee,21.7,7.1,110,110.0812831,135,3.082,0.099,2,0.464,0.372,0.183,3.436,2.1,1.3,0.8,464,230,137,1075,3.44,2.893,8.409883721,486350,239100,2095.52,813608.229,0,0,639375,175000,0,0,0,78.51112817,21.48887183,0,0,0,0,0,0,1875,19375,42500,53750,90625,180000,103125,58125,181250,69375,11250,1875,0,0,0,0,0,0.230454896,2.381367261,5.223644315,6.606373692,11.13865332,22.12367004,12.67501929,7.144101784,22.27730664,8.526831161,1.382729377,0.230454896,60000,522500,222500,8125,7.37455668,64.22009775,27.34731435,0.998637884,32726.258,159.836,302.602,170.41,108.1495099,780.103,1.216462824,117967,6.300000191,3.08629424,3.604658987,285,303,547,549,244,8.819623586,5.196639774,0,0,0,3.401075258,6.02222219
Eiskarsee,38.8,7.6,297,297.0301995,178,2.482,0.066,3,0.262,0.195,0.549,6.524,1.9,1.4,0.5,491,310,181,601,3.66,2.346,6.409836066,480100,238300,1940.09,685105.775,0,0,105701.833,579403.942,0,0,0,15.42854211,84.57145789,0,0,69375,97500,114375,16875,6875,13750,5625,5000,2500,1250,18750,50625,50000,51875,39375,94375,0,10.12617358,14.23137909,16.69450239,2.463123304,1.003494679,2.006989359,0.821041101,0.729814312,0.364907156,0.182453578,2.736803671,7.389369912,7.298143122,7.57182349,5.747287709,13.77524514,84375,323750,229375,625,12.31561652,47.25547672,33.48023157,9.12E-02,22551.347,170.291,195.571,127.74,115.3102812,571.063,1.072735979,107416,14.19999981,8.380058212,4.763174457,294,302,509,540,207,12.28621349,9.124731103,3.574722215,0.272926269,0,4.864650546,9.330357109
Elendbergsee,20.6,7.1,89,89.09549926,198,3.257,0.093,5,0.306,0.28,0.157,3.406,4.3,1.1,3.2,563,282,203,501,3.17,2.57,8.107255521,480700,238300,2214.6699,488918.667,0,0,20819.162,466294.619,1958.345,0,0,4.256869466,95.34271004,0.400420489,0,45625,20625,13125,4375,0,2500,1875,625,0,18125,58750,84375,71250,43125,55625,68125,0,9.331817965,4.218493053,2.684495579,0.89483186,0,0.511332491,0.383499368,0.127833123,0,3.707160561,12.01631354,17.25747158,14.572976,8.820485474,11.37714793,13.93381039,52500,241875,187500,6250,10.73798232,49.47141853,38.34993684,1.278331228,28443.573,154.514,259.662,9.7,109.5407607,780.832,1.306052383,188884,21,11.0349955,6.640656573,284,303,540,547,237,9.796774154,6.806720376,0.505277775,0,0,3.470967736,6.968888808
Grünsee,27.6,7.1,87,87.13182567,192,5.72,0.111,1,0.536,0.435,0.309,3.835,1.4,0.9,0.5,399,297,193,1558,9.47,8.327,8.793030623,499300,238950,1983.85,901617.351,0,26250,560000,321250,1875,0,2.886597938,61.58075601,35.32646048,0.206185567,0,122500,144375,103750,86250,82500,69375,90000,65625,3125,2500,6250,6875,18125,18125,17500,65625,0,13.58669505,16.01289059,11.50709887,9.566142433,9.150223197,7.69450587,9.98206167,7.278586634,0.346599364,0.277279491,0.693198727,0.7625186,2.010276308,2.010276308,1.940956436,7.278586634,231250,408750,243125,19375,25.6483529,45.33519675,26.96543048,2.148916054,25353.973,135.776,302.017,170.27,83.94882738,773.066,1.36958386,90847,6.699999809,3.72903723,3.583146515,285,303,510,516,207,8.723732665,8.044777212,5.799206338,0.640245775,0,3.611674339,6.391428546
Hinterkarsee,38.7,7.4,277,277.0354813,105,3.457,0.092,1,0.375,0.216,0.346,6.779,2.6,1.2,1.4,581,216,106,672,8.04,5.744,7.144278607,493400,234900,2073.9299,944241.238,0,0,658750,270625,16250,0,0,69.66292135,28.61863847,1.718440185,3750,16250,6250,1250,1250,5625,26875,114375,80000,123750,123125,90000,70000,67500,75000,86250,58750,0.397144273,1.720958516,0.661907122,0.132381424,0.132381424,0.595716409,2.846200623,12.11290033,8.472411157,13.10576101,13.0395703,9.531462552,7.413359763,7.148596914,7.94288546,9.134318279,6.221926944,274375,474375,201250,0,29.05772264,50.23875053,21.31340932,0,19209.196,144.123,179.238,77.79,107.171448,527.271,1.073184422,96333,11.30000019,7.225514844,5.014941802,291,308,517,521,209,11.26505373,9.184139745,4.698055534,0,0.238333333,4.475268794,7.663112416
Hohensee,23.4,7,90,90.12302688,131,4.114,0.147,7,0.536,0.379,0.35,3.139,2.9,1.6,1.3,1070,271,138,1611,12.27,15.508,12.63895681,501100,239000,1540.8,4871659.179,136875,925625,3297500,522500,68811.581,2.800869676,18.94104105,67.47665942,10.69190434,1.408089648,0,315625,388125,427500,374375,425000,378125,426250,798750,720000,196875,59375,12500,24375,24375,86250,215625,0,6.478798873,7.966998218,8.775244415,7.684753515,8.723927196,7.761729343,8.749585805,16.39585141,14.77935901,4.04123098,1.218783946,0.256586094,0.500342883,0.500342883,1.770444049,4.426110121,1150000,2790625,910625,21875,23.60592065,57.28284548,18.69229695,0.449025664,46203.465,225.427,297.239,26.45,155.4421358,893.902,1.173134221,152777,7.300000191,3.009750803,3.306613476,299,306,488,498,182,12.18575266,11.43091395,9.076388847,4.13387096,0.250277777,5.591935451,8.504444407
Hüttensee,23.2,7.1,123,123.0891251,252,2.751,0.132,2,0.487,0.436,0.224,3.566,2.8,1.7,1.1,652,377,254,966,11.54,10.725,9.293760832,486600,246750,1502.27,5541249.992,202500,896250,1965000,2472500,90370.491,3.654822335,16.17597293,35.46531303,44.6249295,1.631052291,0,552500,475625,543125,398125,484375,361250,189375,83125,38750,35625,113125,394375,633750,456250,348125,437500,0,9.970674501,8.583352144,9.801488848,7.184750744,8.741258754,6.519287174,3.417550197,1.500112793,0.6993007,0.642905483,2.041506883,7.117076482,11.43695016,8.233701794,6.282427259,7.895330487,668750,2708125,2016875,151250,12.0685766,48.87209572,36.39747355,2.72952854,46189.29,202.135,348.493,19.05,132.5400797,920.677,1.208458438,166128,7.699999809,3.175155592,3.596677931,300,305,500,501,195,10.95376343,10.23172041,7.876111019,2.761827943,0.200277778,5.869623619,8.385277745
Hüttkarsee,64.6,7.2,224,224.0676083,202,14.2,0.132,2,0.745,0.426,0.723,9.379,1.3,0.7,0.6,441,309,204,1470,7.58,6.041,7.969656992,493300,236300,2137.0901,400597.447,0,0,255000,144375,0,0,0,63.84976526,36.15023474,0,0,20000,60000,38750,26250,19375,3750,1875,1250,1875,1875,0,5625,48125,80000,57500,30625,0,4.99254305,14.97762915,9.67305216,6.552712754,4.83652608,0.936101822,0.468050911,0.312033941,0.468050911,0.468050911,0,1.404152733,12.01330671,19.9701722,14.35356127,7.644831546,60000,218750,116875,1250,14.97762915,54.60593961,29.17517345,0.312033941,10024.622,80.233,204.604,19.72,48.99523958,508.377,1.432342766,31427,7.800000191,6.904075805,3.13498105,276,286,514,532,228,8.970976939,8.000806396,3.373611107,3.98E-02,0,1.611021503,5.365833311
Kaltenbachsee,12.4,7.1,66,66.14454398,152,1.378,0.085,1,0.34,0.235,0.135,2,4.7,1.4,3.3,557,255,153,884,2.11,2.626,12.44549763,484300,245000,2214.23,159668.018,0,0,31250,126875,0,0,0,19.76284585,80.23715415,0,0,0,625,1250,1250,3125,7500,18750,25000,29375,19375,10625,10625,21250,6875,0,0,0,0,0.391437188,0.782874376,0.782874376,1.957185941,4.697246258,11.74311564,15.65748753,18.39754784,12.13455283,6.654432198,6.654432198,13.3088644,4.305809069,0,0,18125,75625,48750,13125,11.35167846,47.36389976,30.53210067,8.220180951,6000.188,84.598,110.582,65.52,54.26007849,321.515,1.170884019,24519,9.899999619,11.32655112,4.08637196,262,286,563,571,277,7.830645048,1.743279569,0,0,0,2.278225792,6.283333306
Kapuzinersee,21.1,7.2,96,96.09332543,112,3.421,0.094,5,0.349,0.313,0.199,3.318,2.9,0.7,2.2,809,212,117,656,3.94,3.525,8.946700508,486000,239800,2146.5601,554187.562,0,0,393750,160625,51845.029,0,0,70.94594595,28.94144144,9.341446667,625,62500,78750,56250,54375,30625,31250,32500,10625,3125,2500,1250,21250,15000,8125,74375,71250,0.112777703,11.27777025,14.20999052,10.14999323,9.811660118,5.526107423,5.638885125,5.86444053,1.917220943,0.563888513,0.45111081,0.225555405,3.834441885,2.70666486,1.466110133,13.4205466,12.85665809,205000,286875,58125,4375,36.99108642,51.76496545,10.48832633,0.789443918,12252.193,125.587,171.274,24.86,71.53562712,473.791,1.207466137,91039,20,16.01282737,7.430424904,277,286,538,563,252,8.996236463,4.058870962,0.319722221,0,0,1.634139779,5.547196224
Knappenkarsee,31.6,7.4,172,172.0512861,158,4.579,0.061,2,0.304,0.133,0.271,5.33,1.7,1.5,0.2,429,305,160,504,4.95,4.77,9.636363636,475850,236800,2256.51,301962.836,0,0,15000,292500,2500,0,0,4.838709677,94.35483871,0.806451613,0,1875,2500,4375,12500,26875,33750,28750,38750,38125,59375,31875,15625,3125,1875,1250,1250,0,0.620937339,0.827916453,1.448853792,4.139582263,8.900101866,11.17687211,9.521039205,12.83270502,12.6257259,19.66301575,10.55593477,5.174477829,1.034895566,0.620937339,0.413958226,0.413958226,110625,144375,46875,0,36.63530303,47.81217514,15.52343349,0,13617.963,74.053,250.533,122.2,54.35596508,691.272,1.671044284,41322,8,6.07545562,3.034374524,285,299,546,549,247,9.456720389,4.366935476,0,0,0,3.606451597,6.477306196
Landauersee,54.6,7.5,401,401.0363078,106,4.919,0.131,7,0.419,0.17,1.489,7.618,3,2.6,0.4,925,236,113,759,7.75,9.524,12.28903226,475150,240700,1652.61,8618823.263,141250,801875,5482500,2180000,229206.904,1.636495293,9.290369298,63.51918899,25.2570601,2.655547041,2500,523750,523125,807500,722500,721875,647500,687500,438125,208750,168750,171875,335000,530000,641875,757500,677500,2.90E-02,6.07681564,6.06956407,9.369028409,8.382814892,8.375563322,7.512626495,7.976726973,5.083350553,2.422024372,1.957923893,1.994181743,3.886841507,6.149331339,7.447362365,8.788902811,7.860701854,2995625,4484375,1083750,1875,34.75677489,52.03001458,12.57422234,2.18E-02,36376.919,195.769,289.514,39.44,125.6482208,825.858,1.221483181,271563,16.60000038,7.713297498,7.465255647,297,326,489,510,163,11.34408597,10.6260752,7.072499967,2.284408591,0.954166664,5.193817188,7.714444406
Lungauer Klaffersee,50.9,7.3,250,250.0416869,226,8.396,0.15,2,0.484,0.821,0.338,8.109,2.7,1.6,1.1,475,346,228,856,2.16,1.385,6.412037037,485300,238350,2195.5901,775394.63,0,0,10936.933,758780.732,0,0,0,1.42090191,98.57909809,0,0,29375,55625,101875,98125,42500,41875,61875,103750,101875,40000,6875,1875,625,14375,43750,30000,0,3.788393531,7.173766473,13.13847118,12.65484647,5.481080002,5.400475884,7.97980765,13.38028353,13.13847118,5.158663531,0.886645294,0.241812353,8.06E-02,1.853894706,5.642288237,3.868997648,159375,340625,264375,10000,20.55405001,43.92924413,34.09554178,1.289665883,30584.409,163.759,284.078,72.34,107.6620118,1134.336,1.829728855,168696,17.70000076,8.969498867,5.515751506,286,286,511,629,225,8.041290323,6.247741935,2.892,0.293225806,0,1.498118283,4.734444431
Mitterkarsee,11.9,7.1,22,22.23442288,0,2.005,0.08,2,0.321,0.2,0.16,1.405,7.8,1.4,6.4,1550,105,2,516,10.49,10.628,10.13155386,494100,234000,2149.8,326597.81,0,0,176875,150000,0,0,0,54.11089866,45.88910134,0,0,5625,625,1250,625,3125,11250,19375,28750,43125,34375,40625,43125,37500,33750,13750,8750,0,1.722301812,0.191366868,0.382733736,0.191366868,0.95683434,3.444603624,5.932372908,8.802875929,13.20431389,10.52517774,12.43884642,13.20431389,11.48201208,10.33381087,4.210071096,2.679136152,105000,149375,71250,0,32.14963383,45.73668146,21.81582295,0,27707.201,161.823,242.07,26.72,114.459458,635.855,1.077598135,166542,11.5,6.122748963,6.010783984,286,308,507,523,199,12.00188169,10.31693547,5.014166655,0.31935484,4.67E-02,3.942204293,7.694427649
Mittlerer Kaltenbachsee,14.8,6.9,47,47.20892961,75,2.881,0.171,2,0.506,0.302,0.348,1.801,3.5,1.7,1.8,1135,189,77,847,7.7,7.639,9.920779221,505350,238350,1911.9399,283977.094,0,19375,192500,70625,0,0,6.85840708,68.14159292,25,0,0,8125,5000,33125,80625,65000,40000,28125,12500,5000,5625,1250,625,0,0,0,0,0,2.861146259,1.76070539,11.66467321,28.39137441,22.88917007,14.08564312,9.903967818,4.401763475,1.76070539,1.980793564,0.440176347,0.220088174,0,0,0,0,37500,203125,44375,0,13.20529042,71.52865646,15.62626033,0,21734.72,137.468,258.49,105.67,84.08340748,661.192,1.265160527,113657,8.800000191,5.289938188,5.229282917,297,308,512,521,204,12.87032253,11.46572213,5.839833289,0.181612906,0.399277778,5.409677384,9.077999941
Mittlerer Landschitzsee,29,7,104,104.1174898,143,5.728,0.086,1,0.453,0.325,0.221,4.481,1.1,1,0.1,475,228,144,1106,6.45,6.663,10.33023256,489100,234600,1939.98,3383357.301,0,0,933125,2453125,88811.444,0,0,27.55629384,72.44370616,2.622707833,0,150625,249375,408750,215625,73750,31250,27500,96250,164375,273125,296250,257500,202500,209375,215000,127500,0,4.451938906,7.370637441,12.0811952,6.373107562,2.179787514,0.923638777,0.812802124,2.844807433,4.858339968,8.072602912,8.756095607,7.610783523,5.985179276,6.188379807,6.354634786,3.768446211,783125,1496875,691250,27500,23.14638775,44.24229742,20.43088975,0.812802124,66292.739,166.932,572.539,135.69,115.7872896,1385.391,1.517869549,626650,20.29999924,6.987277325,9.452769782,298,308,513,517,205,10.66397848,8.983333224,5.609722216,0.261290327,0.341388887,5.000537627,7.937499964
Moaralmsee,32.5,7.3,197,197.0501187,223,3.536,0.092,1,0.578,0.298,0.268,5.304,2.9,1.3,1.6,598,337,224,1327,29.76,19.467,6.541330645,484650,246650,1825.35,1078337.468,0,7500,398125,672500,1250,0,0.694846555,36.88477128,62.30457441,0.115807759,0,155000,85000,71875,87500,93125,65625,68750,17500,1875,2500,3125,9375,55625,129375,114375,118750,0,14.37397889,7.882504552,6.665353114,8.114342921,8.635979252,6.085757191,6.375555152,1.622868584,0.173878777,0.231838369,0.289797961,0.869393884,5.158403714,11.9976356,10.60660539,11.01232254,210000,475000,387500,6875,19.47442301,44.04929014,35.93494722,0.637555515,21273.577,126.91,232.002,30.82,91.69566211,622.13,1.203250227,67102,5.900000095,3.584897143,3.154241527,286,304,507,509,203,6.097446214,6.602150511,5.409861094,1.288575263,0.039861111,4.167204296,5.921249984
Oberer Giglachsee,38.8,7.6,352,352.0251189,0,1.599,0.099,3,0.224,0.134,1.744,4.586,5.8,3,2.8,1220,106,3,279,11.09,9.631,8.684400361,473500,237800,1929.7,789611.818,0,0,628125,156875,0,0,0,80.01592357,19.98407643,0,0,43750,72500,233750,123750,50000,11250,12500,28750,29375,8125,4375,2500,625,10625,68750,81250,0,5.540697214,9.181726811,29.60315369,15.67225783,6.332225387,1.424750712,1.583056347,3.641029598,3.720182415,1.028986625,0.554069721,0.316611269,7.92E-02,1.345597895,8.706809907,10.28986625,319375,422500,40000,0,40.44708966,53.50730452,5.06578031,0,35322.787,163.937,296.151,103.72,119.2728946,760.853,1.142005891,182827,10.5,4.951157691,5.175893963,297,304,519,523,215,13.65108022,12.42715053,5.655555534,0,5.64E-02,5.339516118,9.499076691
Oberer Klaffersee,15,7.1,42,42.14125375,75,3.321,0.077,11,0.296,0.267,0.203,2.122,4,0.2,3.8,992,226,86,571,8.85,9.645,10.89830508,485400,239450,2309.49,438476.84,0,0,393750,45000,625,0,0,89.61593172,10.24182077,0.142247511,0,41250,56875,39375,46875,26250,28750,29375,10625,3125,2500,1250,20625,14375,3125,54375,59375,0,9.407566429,12.97103856,8.979949773,10.6904164,5.986633182,6.556788723,6.699327609,2.42316105,0.712694426,0.570155541,0.285077771,4.703783215,3.278394362,0.712694426,12.40088302,13.5411941,191875,237500,8750,0,43.75943778,54.16477641,1.995544394,0,51220.029,232.004,360.724,17.57,141.992296,1006.66,1.254752212,573844,32.5,12.72648271,11.20350791,284,303,547,563,244,9.904569871,3.670161275,0,0,0,3.344623651,6.652962279
Oberer Landschitzsee,13.8,7,61,61.1023293,62,2.231,0.083,4,0.323,0.268,0.128,2.14,2.2,1.4,0.8,1007,172,66,705,12.09,11.741,9.711331679,489850,234350,2066.6499,576006.282,0,0,219375,361875,0,0,0,37.74193548,62.25806452,0,0,1875,3125,1875,1875,2500,4375,3750,21250,35625,60000,147500,141875,85000,40000,24375,6875,0,0.325517283,0.542528805,0.325517283,0.325517283,0.434023044,0.759540327,0.651034566,3.689195876,6.18482838,10.41655306,25.60735961,24.63080776,14.7567835,6.944368707,4.231724681,1.193563372,93750,298750,186250,3125,16.27586416,51.86575378,32.33471679,0.542528805,88811.444,275.148,443.53,140.34,200.2377381,1463.508,1.385337859,509710,13.60000038,4.044356174,5.73923784,297,308,517,521,209,12.59059135,10.72446235,5.655555556,0,0.2925,5.130913972,8.63527772
Oberer Landwiersee,24.2,7.4,168,168.0562341,64,2.248,0.071,3,0.287,0.337,0.172,4.243,4,1.5,2.5,747,170,67,431,2.04,2.165,10.6127451,479300,236350,2046.63,591182.063,0,0,221875,371250,0,0,0,37.40779768,62.59220232,0,0,73750,54375,66250,69375,68750,58750,44375,24375,3125,1875,625,3125,0,4375,3750,44375,0,12.47500637,9.197674186,11.20636165,11.73496362,11.62924322,9.937716936,7.506147899,4.123095325,0.528601965,0.317161179,0.105720393,0.528601965,0,0.740042751,0.634322358,7.506147899,152500,296250,72500,0,25.79577588,50.11146625,12.26356558,0,42596.277,202.313,308.093,133.46,138.257854,819.978,1.120756967,270253,13.39999962,5.75392114,6.344521612,286,304,511,550,207,10.60107523,5.967473089,1.324166667,8.17E-02,2.69E-02,3.811290312,7.096319037
Oberer Schönalmsee,33.9,7.5,224,224.0467735,0,3.929,0.08,2,0.429,0.164,0.677,5.003,3.5,2.1,1.4,601,82,2,738,11.77,9.169,7.790144435,470350,231850,2110.5701,256476.202,0,0,125000,127500,1250,0,0,49.26108374,50.24630542,0.492610837,0,12500,20625,16250,31250,26875,35625,33750,25000,17500,9375,4375,4375,6250,6875,2500,2500,0,4.873746532,8.041681778,6.335870491,12.18436633,10.47855504,13.89017762,13.15911564,9.747493064,6.823245145,3.655309899,1.705811286,1.705811286,2.436873266,2.680560593,0.974749306,0.974749306,76250,154375,25000,0,29.72985384,60.19076967,9.747493064,0,50882.366,232.969,344.875,146.41,147.5385748,1025.616,1.282614681,186167,21.60000038,8.486234935,3.658772471,302,309,538,545,229,12.89118274,9.111451578,0.830111111,0,0.515222222,6.029892468,9.11761107
Oberer Sonntagkarsee,18.8,7.1,51,51.20892961,125,4.18,0.069,2,0.323,0.403,0.181,2.686,3.5,1.2,2.3,604,308,127,743,2.96,3.467,11.71283784,487700,240400,2063.0601,1047943.503,0,0,8750,1034375,0,0,0,0.838825644,99.16117436,0,0,191875,138750,145000,150625,72500,30000,1250,6250,5000,625,1875,29375,70000,38125,63125,99375,0,18.30967027,13.24021759,13.83662379,14.37338936,6.918311893,2.862749749,0.11928124,0.596406198,0.477124958,5.96E-02,0.178921859,2.803109129,6.679749414,3.638077806,6.023702596,9.482858543,156875,501250,363125,22500,14.96979556,47.83177705,34.65120008,2.147062312,68149.598,265.244,385.805,106.25,176.6425992,1108.205,1.197522064,449689,17.5,5.940887661,6.598556898,285,304,509,541,205,9.863978447,8.20618274,2.753333332,0.199731184,4.19E-02,3.791397815,7.295900193
Oberer Zwieflersee,32.1,7.3,205,205.0524807,89,3.631,0.111,5,0.453,0.35,0.556,4.716,3.6,1.3,2.3,765,185,94,853,13.24,10.745,8.115558912,503850,234750,1925.45,1180720.599,0,14375,915625,252500,1250,0,1.21436114,77.34952482,21.33051742,0.105596621,0,103125,103125,98750,129375,151875,177500,170625,83750,56250,40000,14375,8750,5625,10625,10625,16875,0,8.734073081,8.734073081,8.363536647,10.95729168,12.86290763,15.03319245,14.45092092,7.093126017,4.764039862,3.38776168,1.217476854,0.741072867,0.476403986,0.899874196,0.899874196,1.429211959,350000,632500,198750,0,29.6429147,53.56898156,16.83294085,0,32207.791,205.875,230.061,107.51,139.9967443,718.551,1.129463489,293824,18.60000038,9.184963274,9.122761632,299,309,508,515,199,10.05940859,8.753225729,6.086666652,0.754032256,0.535277778,5.268548384,7.899166655
Oberhüttensee,137.3,8.2,1364,1364.006607,52,2.951,0.168,6,0.347,0.147,3.693,21.219,4.7,1.5,3.2,885,223,58,535,9.04,13.591,15.03429204,470400,237900,1863.36,202161.826,0,48125,145000,10000,0,0,23.69230769,71.38461538,4.923076923,0,0,1875,6250,16875,21250,35625,14375,1250,0,1250,3125,5625,48125,27500,6250,9375,1875,0,0.927474804,3.091582681,8.347273238,10.51138112,17.62202128,7.110640166,0.618316536,0,0.618316536,1.54579134,2.782424413,23.80518664,13.6029638,3.091582681,4.637374021,0.927474804,96875,93750,9375,625,47.91953155,46.37374021,4.637374021,0.309158268,36641.111,182.965,358.819,172.01,102.1158606,965.207,1.422431018,93679,10.69999981,4.953867585,2.556663743,293,308,510,515,202,12.89382713,11.89354836,8.232499958,0.562903225,0.233888889,5.137634401,8.535277744
Obersee,25.1,7,134,134.1202264,234,2.888,0.101,8,0.488,0.558,0.248,3.71,6.9,1.7,5.2,598,397,242,1106,4.74,4.048,8.540084388,486650,245850,1672.21,2884187.01,3750,191250,1117500,1574375,0,0.129898246,6.624810565,38.70967742,54.53561377,0,0,420625,288125,246250,146250,135000,46250,8125,4375,2500,23125,98750,342500,440000,266250,166250,251875,0,14.58383241,9.989816853,8.537934577,5.070753023,4.680695098,1.603571469,0.281708501,0.151689193,8.67E-02,0.801785734,3.423841785,11.87509682,15.25559884,9.231370888,5.764189334,8.73296354,200625,1299375,1260000,126250,6.956032993,45.05169032,43.68648758,4.377316712,72375.604,221.859,443.134,170.02,163.3266777,1154.085,1.210143197,801790,23.39999962,7.708407947,11.07818043,303,310,503,509,193,9.385752648,8.306854733,6.528611074,1.775134406,0.756250002,5.877419372,7.872916637
Pfannsee,,,,,,,,,,,,,,,,,,,,7.84,8.934,11.39540816,485800,245750,1966.84,1168594.896,0,0,368750,796875,4375,0,0,31.51709402,68.10897436,0.373931624,0,67500,90625,152500,96875,108125,92500,121875,73750,36250,7500,5625,6250,16250,48125,108125,138750,0,5.776167621,7.755039861,13.04986018,8.289870196,9.2525648,7.915488962,10.42919154,6.310997956,3.102015944,0.641796402,0.481347302,0.534830335,1.390558872,4.118193581,9.2525648,11.87323344,309375,556875,287500,16875,26.47410159,47.65338287,24.60219542,1.444041905,13619.887,136.844,262.926,42.8,51.80121783,732.535,1.770666194,24832,7.699999809,5.847212845,1.823216301,285,303,483,524,180,8.349193478,6.916666638,3.806388872,1.056451619,0,3.399462356,5.679444412
Rantensee,26.6,7.1,144,144.0645654,128,3.551,0.116,1,0.555,0.256,0.326,4.012,1.7,0.6,1.1,509,395,129,1293,5.52,6.564,11.89130435,492650,234700,1879.54,2147945.983,0,0,1564375,566875,35459.196,0,0,72.84633295,26.39697322,1.651184913,3750,31875,63750,71250,80000,134375,181875,195625,143750,255000,313125,242500,132500,81250,78125,86250,58750,0.174585396,1.483975866,2.967951732,3.317122524,3.724488448,6.25597669,8.467391705,9.107538157,6.692440179,11.87180693,14.57788056,11.28985561,6.168683992,3.78268358,3.63719575,4.015464108,2.735171204,565625,1151875,433125,3125,26.33329723,53.62681413,20.16461324,0.14548783,23183.939,203.396,212.395,126.04,109.1548247,690.266,1.278845081,77856,7.599999905,4.423488625,3.35818689,291,305,507,513,202,11.00412183,9.984498156,6.760648132,1.012186375,0.112499999,4.566577061,7.116264776
Rauhenbergsee,18.7,7,73,73.12022644,119,3.413,0.073,6,0.332,0.354,0.239,2.732,4,0.8,3.2,461,263,125,315,7.07,7.107,10.0523338,484500,239650,2263.0901,510283.874,0,0,346875,143125,21250,0,0,67.84841076,27.99511002,4.156479218,0,38125,64375,68750,88750,47500,8125,5000,6875,12500,34375,20625,16250,18125,13125,26875,41875,0,7.471331536,12.61552702,13.47289293,17.39227997,9.308544208,1.592250983,0.979846759,1.347289293,2.449616897,6.736446467,4.04186788,3.184501966,3.551944501,2.572097742,5.266676328,8.206216605,140000,244375,126875,0,27.43570925,47.89001034,24.8636115,0,28233.153,181.689,261.393,28.6,108.0103637,736.691,1.236803602,246078,26.29999924,13.87142205,8.715923439,282,305,548,558,243,9.947849422,5.008870947,0,0,3.22E-02,3.105645167,6.434061028
Schwarzensee,22.2,7,67,67.18620871,110,4.81,0.152,18,0.567,0.402,0.32,2.852,1.7,0.7,1,612,272,128,1685,11.76,12.394,10.53911565,499650,239300,1916.23,2177834.741,0,64375,1656250,472500,27228.973,0,2.932801822,75.45558087,21.5261959,1.240499909,0,146250,181250,195000,187500,259375,195000,178750,223125,233750,131875,49375,10625,21250,22500,48125,98125,0,6.715385573,8.322486394,8.953847431,8.609468683,11.90976501,8.953847431,8.207693478,10.24526773,10.73313763,6.055326307,2.267160087,0.487869892,0.975739784,1.033136242,2.209763629,4.505621944,610000,1103750,448750,19375,28.00947145,50.68107232,20.60532838,0.889645097,39082.608,198.724,367.409,80.51,106.3735728,931.21,1.328773416,204633,13.30000019,5.962176378,5.235909538,294,305,507,514,202,11.49892468,10.65107523,7.654166586,0.867204297,0.108888889,4.819086001,8.235277755
Tiefenbachsee,82.4,8.1,703,703.0109648,81,4.745,0.104,5,0.58,0.28,0.871,14.404,4.7,2.7,2,585,156,86,1148,24.16,16.28,6.738410596,470650,233550,1844.46,1291921.64,0,20000,1061250,205625,6250,0,1.546640889,82.06863219,15.90140164,0.483325278,0,78125,150625,70625,106875,117500,143750,142500,138125,150625,86250,66875,9375,6875,5000,7500,12500,0,6.047193389,11.65898885,5.466662823,8.272560556,9.094978856,11.12683584,11.03008074,10.69143791,11.65898885,6.676101501,5.176397541,0.725663207,0.532153018,0.387020377,0.580530565,0.967550942,289375,756875,246875,0,22.39880431,58.58520955,19.10913111,0,32231.272,148.296,340.74,126.97,94.59198216,859.641,1.350745303,130028,8,3.949082486,4.034218693,298,305,510,510,205,10.85167242,9.98073459,7.696543103,0.920758657,0.16780864,5.632168428,8.350185123
Twenger Almsee,74.9,7.9,558,558.0151356,0,8.401,0.104,1,0.479,0.181,2.513,9.545,3.2,2.1,1.1,667,121,1,419,15.76,12.431,7.887690355,470350,231300,2118.1799,104055.774,0,0,15625,88750,0,0,0,14.97005988,85.02994012,0,0,2500,1250,1250,625,1250,3125,2500,1875,8125,8125,8750,7500,8750,18750,21250,7500,0,2.40255769,1.201278845,1.201278845,0.600639422,1.201278845,3.003197112,2.40255769,1.801918267,7.808312492,7.808312492,8.408951915,7.20767307,8.408951915,18.01918267,20.42174036,7.20767307,19375,48125,35625,0,18.6198221,46.24923553,34.23644708,0,31084.625,169.234,247.046,178.48,125.8252512,682.517,1.092032906,399160,33.59999847,16.88928958,12.84107497,301,309,538,541,229,11.66370964,9.172042947,1.029999997,0,0.388055553,5.388440857,8.15999998
Unterer Giglachsee,73.5,7.8,579,579.017378,43,5.565,0.158,3,0.481,0.151,1.798,10.73,5.6,3.3,2.3,801,158,46,644,14.46,11.001,7.607883817,474000,238300,1921.92,2371906.347,0,20625,1628125,724375,37197.787,0,0.868421053,68.55263158,30.5,1.566222611,0,183125,142500,306875,176875,107500,104375,279375,205000,81875,28125,13125,10000,26875,103750,298750,303750,0,7.720583076,6.007825738,12.93790543,7.457081947,4.532219417,4.400468852,11.77850046,8.642837027,3.451864788,1.18575508,0.553352371,0.421601806,1.133054854,4.374118739,12.59535396,12.80615486,826875,1341875,203125,0,34.86119935,56.57369237,8.563786688,0,168259.117,304.957,875.947,52.84,192.0882394,3246.035,2.232332918,1285012,18,3.888912244,7.637101768,299,309,513,521,204,13.30053759,12.26747312,6.80333329,0.221505376,0.441944451,5.727688184,9.158871773
Unterer Kaltenbachsee,80.1,7.5,681,681.0177828,229,3,0.127,5,0.404,0.801,1.373,12.534,5,1.7,3.3,993,362,234,817,9.9,10.415,10.52020202,505800,237950,1749.42,1505911.419,0,291875,965625,241875,24859.72,0,19.42595674,64.26788686,16.09816972,1.654557072,0,106875,76250,105625,251875,158750,101250,121875,128125,166250,129375,23750,14375,6875,7500,20625,88750,0,7.097030984,5.063378831,7.014024774,16.72575138,10.54178871,6.723503038,8.093105508,8.50813656,11.03982598,8.59114277,1.577117996,0.954571419,0.456534157,0.498037262,1.369602471,5.893440934,393125,858125,256875,0,26.10545315,56.9837634,17.05777623,0,55709.951,199.611,397.304,64.01,140.21996,998.646,1.193548982,853665,32,12.01513157,15.32338451,302,317,507,513,190,12.93440859,11.89489241,7.802777717,0.905376341,1.1175,5.301075259,8.371944424
Unterer Klaffersee,23.8,7.2,133,133.1023293,101,3.068,0.066,7,0.291,0.426,0.186,3.87,4.3,2.3,2,435,263,108,324,10.39,8.711,8.384023099,484800,240200,2103.3799,836084.845,0,0,620625,189375,55733.153,0,0,74.10447761,22.6119403,6.654704836,0,78125,93125,98125,105625,48750,11250,7500,10625,15625,40000,44375,51875,40000,40625,69375,83125,0,9.344147363,11.13822366,11.73624909,12.63328724,5.830747955,1.34555722,0.897038147,1.270804041,1.868829473,4.78420345,5.307475702,6.204513849,4.78420345,4.858956629,8.297602859,9.942172795,230625,405625,200625,1250,27.58392302,48.51481311,23.99577043,0.149506358,38631.974,220.85,264.092,131.16,146.2822577,803.345,1.152985148,502862,39.59999847,17.85527979,13.01673065,294,305,538,541,233,10.45241932,7.82338705,1.004999997,0,0.117222223,4.422849456,7.626665246
Unterer Klaftersee,14.7,6.9,85,85.13182567,41,1.535,0.127,3,0.262,0.307,0.197,2.406,4,1.7,2.3,2063,156,44,498,19.58,24.963,12.74923391,500150,242150,1883.26,970111.661,7500,65625,748750,140625,6250,0.774193548,6.774193548,77.29032258,14.51612903,0.64516129,0,2500,10000,66250,152500,298125,187500,50625,23750,41250,113125,8750,11250,2500,1250,625,1250,0,0.257702294,1.030809174,6.829110778,15.7198399,30.7309985,19.32767201,5.218471444,2.448171788,4.252087843,11.66102878,0.901958027,1.159660321,0.257702294,0.128851147,6.44E-02,0.128851147,272500,625625,73125,0,28.08954999,64.48999895,7.537792085,0,16350.615,122.22,176.452,19.52,92.66324553,540.991,1.193488014,51396,11.39999962,7.901012179,3.143368002,292,302,508,517,206,11.94398698,10.62637237,6.769122773,0.467487266,0,4.896590258,7.617894717
Unterer Landschitzsee,29,7.1,130,130.0812831,143,4.913,0.099,2,0.533,0.453,0.234,4.456,3.1,1.1,2,689,301,145,1159,5.02,4.774,9.509960159,488300,235200,1782.3101,5056818.234,58426.397,59073.603,2001250,2943125,155104.183,1.154244168,1.167030063,39.53574515,58.14298061,3.064164623,0,395000,504375,457500,226875,78125,34375,36250,159375,338125,456875,537500,418125,301875,270625,250625,203750,0,7.811235874,9.9741572,9.047190918,4.486516808,1.544943804,0.679775274,0.716853925,3.151685361,6.686516785,9.034831367,10.62921337,8.268539241,5.96966286,5.351685338,4.956179724,4.029213442,909375,2191875,1516875,51250,17.98314588,43.34494337,29.9966289,1.013483136,119947.94,310.039,643.197,83.03,186.4870949,1729.919,1.409043626,997087,15.80000019,4.043017638,8.312664644,302,310,491,509,181,12.70188171,10.96505372,7.826944356,2.669354835,0.645833339,6.161559106,9.543055493
Unterer Landwiersee,36.6,7.4,225,225.0457088,106,4.228,0.08,3,0.366,0.425,0.257,6.093,2.1,1.9,0.2,545,197,109,741,10.27,8.839,8.606621227,479700,236650,1978.42,1207943.373,0,0,428125,778750,43846.277,0,0,35.43714434,64.45938955,3.629283145,0,100000,81875,95000,83125,111250,122500,109375,59375,12500,2500,625,5000,2500,53750,160000,116250,0,8.278533765,6.77804952,7.864607077,6.881531192,9.209868814,10.14120386,9.054646306,4.915379423,1.034816721,0.206963344,5.17E-02,0.413926688,0.206963344,4.449711899,13.24565402,9.623795502,303125,588750,221875,1875,25.09430548,48.73986754,18.36799679,0.155222508,17612.927,143.066,221.35,66.28,79.57048566,615.961,1.309279946,54054,5.699999809,3.806308758,3.068995857,284,302,519,540,217,10.64489245,8.11827954,3.261666658,0,0,3.164516119,6.074138526
Unterer Sonntagkarsee,17.5,6.9,63,63.13803843,124,3.135,0.096,2,0.354,0.354,0.167,2.607,3.2,1.1,2.1,729,228,126,714,4.12,3.689,8.953883495,487500,241000,1961.73,1974858.655,0,0,169375,1801875,68149.598,0,0,8.592263792,91.40773621,3.457176817,0,208125,186875,249375,327500,158750,75000,12500,20000,9375,5625,21875,94375,220625,123750,126250,133125,0,10.53872891,9.462702535,12.62748599,16.58346531,8.038549979,3.797740148,0.632956691,1.012730706,0.474717518,0.284830511,1.10767421,4.778823019,11.1716856,6.266271244,6.392862582,6.740988762,363750,1000625,578750,30000,18.41903972,50.66818314,29.30589481,1.519096059,49410.786,253.178,321.091,42.34,153.8840578,948.124,1.203231871,615547,25.89999962,10.32604034,12.45774556,297,314,513,530,199,10.66456496,8.958015557,3.756919171,0.125659824,0.690631312,4.898460396,7.561372873
Unterer Wirpitschsee,86,7.7,738,738.018197,141,4.884,0.13,6,0.622,0.228,1.353,14.169,3.2,1.8,1.4,490,231,147,1072,6.52,6.063,9.299079755,471000,232900,1699.6801,2556247.815,146250,114375,1830625,458750,39731.272,5.718475073,4.472140762,71.57869013,17.93743891,1.553519922,0,216875,361875,278125,283750,280000,250625,186875,179375,226875,95625,69375,14375,9375,10625,21250,74375,0,8.484114831,14.15649132,10.8802049,11.10025399,10.9535546,9.804409358,7.310519696,7.017120912,8.87531321,3.740834493,2.71393875,0.562347669,0.36674848,0.415648277,0.831296554,2.909537939,593750,1530625,435000,0,23.22740372,59.87780179,17.01712946,0,27211.69,185.545,215.678,94.41,126.1681303,649.8,1.111212243,121038,8,4.297908549,4.448014805,298,305,489,508,184,10.44301073,9.819086,7.353611049,3.074462356,0.1775,5.366397848,7.776944419
Unterer Zwieflersee,30.5,7.2,194,194.0301995,87,3.404,0.149,16,0.555,0.383,0.541,4.425,3,2.3,0.7,1159,208,103,990,11.72,14.783,12.61348123,504500,234650,1808.48,2638106.717,121875,116875,1958750,436250,37207.791,4.61866414,4.429180483,74.23022264,16.53244908,1.410053662,0,213125,295625,218125,266875,317500,315625,326875,248750,193750,58750,20625,10625,8125,19375,31875,89375,0,8.078710335,11.20595305,8.268240196,10.11615634,12.03514619,11.96407249,12.39051468,9.429110597,7.344282123,2.22697587,0.781810678,0.402750955,0.307986025,0.734428212,1.208252865,3.38784627,759375,1382500,488750,4375,28.78484768,52.40500663,18.52654394,0.165838629,46435.972,143.857,425.03,58.79,109.2533986,1020.886,1.336426399,259034,19.39999962,7.978465873,5.578304682,301,315,493,509,178,11.56236555,10.64946233,8.302777738,2.697311828,1.064722221,5.700537592,8.581111075
Weißensee,18.6,7,84,84.11220185,200,2.615,0.1,4,0.336,0.47,0.238,2.715,1,0.8,0.2,396,304,204,841,3.29,3.503,10.64741641,498800,241800,2225.5601,530761.741,0,0,312500,216875,1875,0,0,58.82352941,40.82352941,0.352941176,0,0,20000,21250,55625,65625,45625,17500,42500,97500,116875,37500,6250,3750,625,625,0,0,0,3.768169115,4.003679685,10.48022035,12.36430491,8.596135794,3.297147976,8.00735937,18.36982444,22.02023827,7.065317091,1.177552849,0.706531709,0.117755285,0.117755285,0,123125,353750,54375,0,23.19779112,66.64949123,10.24470978,0,65255.247,246.116,390.228,92.08,167.2233848,1091.354,1.205182991,789515,43.59999847,15.12598606,12.09887383,297,306,511,544,205,10.14749999,7.193817198,2.607499998,0.162096775,0.213333333,4.816129014,7.337499955
Wildlochsee,17.6,7,89,89.14125375,195,2.109,0.098,11,0.372,0.314,0.176,2.748,4.7,1.8,2.9,542,378,206,764,2.31,2.866,12.40692641,486550,243950,2108.03,847285.976,0,0,121250,726875,0,0,0,14.29624171,85.70375829,0,0,63750,16250,1250,1250,625,3750,1875,15000,128125,161875,126250,105000,64375,40625,43125,76250,0,7.524023978,1.917888465,0.147529882,0.147529882,7.38E-02,0.442589646,0.221294823,1.770358583,15.1218129,19.10511971,14.90051807,12.39251008,7.597788919,4.794721163,5.089780927,8.999322798,109375,383750,350000,6250,12.90886467,45.29167375,41.30836694,0.73764941,11634.912,106.061,155.97,112.51,74.59711483,450.627,1.178503092,44548,6.400000095,5.258275901,3.828821395,285,286,538,545,252,8.222419294,5.857365557,0.782666659,0,0,2.168978493,6.086761263
Zwerfenbergsee,24.7,7.2,114,114.0776247,156,4.165,0.095,3,0.402,0.409,0.197,3.95,1.6,1.1,0.5,528,253,159,863,9.55,8.926,9.346596859,486150,238600,2025.37,3553201.771,0,0,1413459.294,2134832.283,63310.667,0,0,39.83492516,60.16507484,1.784257737,0,96250,150000,193750,141875,88750,190000,345000,305000,299375,288750,190625,223125,410625,200000,119375,92500,0,2.708824497,4.221544671,5.452828533,3.992877668,2.497747263,5.347289916,9.709552742,8.583807497,8.425499572,8.126473491,5.364879686,6.279547698,11.55647854,5.628726227,3.359645967,2.60328588,638750,1906875,770000,19375,17.97674439,53.66638663,21.67059598,0.545282853,109811.405,320.426,417.199,149.89,263.2110935,1246.395,1.061028482,1721698,35.70000076,9.547495052,15.6786811,298,315,511,549,196,9.890322542,6.504569842,1.663055553,0.120967742,0.742222221,4.926612885,7.39249997
